{"cameraMode":{"drawMode":0,"name":"Shaded","section":"Shading Mode"},"sceneLighting":true,"audioPlay":false,"sceneViewState":{"showFog":true,"showMaterialUpdate":true,"showSkybox":true,"showFlares":true,"showImageEffects":true,"showParticleSystems":true},"in2DMode":false,"pivot":{"x":634.836669921875,"y":537.603515625,"z":2921.108642578125},"rotation":{"x":-0.05204419419169426,"y":0.3592808246612549,"z":-0.020072242245078088,"w":-0.9315625429153442},"size":2537.060791015625,"orthographic":false}